First Name [Required],Last Name [Required],Email Address [Required],Password [Required]
Brisa,Streich,elinor.qzkam@jakataruna.com,kontol123
Francesca,Cruickshank,aditya.geekp@jakataruna.com,kontol123
Adelbert,Hickle,marge.dcdvi@jakataruna.com,kontol123
Minnie,Hickle,kamille.ycqhd@jakataruna.com,kontol123
Leonora,Walter,madyson.lizez@jakataruna.com,kontol123
Madisen,Luettgen,agustina.mdsub@jakataruna.com,kontol123
Braden,Sawayn,vaughn.fmiql@jakataruna.com,kontol123
Geovanni,Abbott,albin.csuni@jakataruna.com,kontol123
Stephanie,Huel,dina.amhjv@jakataruna.com,kontol123
Alize,Fahey,gonzalo.uoigr@jakataruna.com,kontol123
Madeline,Weber,hilbert.xnstl@jakataruna.com,kontol123
Annette,Koelpin,tomasa.kbpwr@jakataruna.com,kontol123
Idella,Schaden,antwon.hmwdh@jakataruna.com,kontol123
Monty,Rutherford,marianna.mkvkq@jakataruna.com,kontol123
Mariano,Wuckert,carrie.qsrsd@jakataruna.com,kontol123
Travon,Thompson,ardella.jzkfn@jakataruna.com,kontol123
Rey,Lubowitz,lonnie.bzwhc@jakataruna.com,kontol123
Coy,Fadel,emie.wxoqm@jakataruna.com,kontol123
Johnathan,Prohaska,micheal.fauqg@jakataruna.com,kontol123
Eulalia,McLaughlin,kade.yoixq@jakataruna.com,kontol123
Leora,Berge,margaret.ntizm@jakataruna.com,kontol123
Norval,Padberg,otto.lbukc@jakataruna.com,kontol123
Lizeth,Ernser,demond.chxnw@jakataruna.com,kontol123
Genesis,Dach,eden.tkuzs@jakataruna.com,kontol123
Cale,Pollich,abigail.rrfgn@jakataruna.com,kontol123
Nedra,Cassin,piper.aruwl@jakataruna.com,kontol123
Damien,Quitzon,aliza.gvglh@jakataruna.com,kontol123
Reese,Kerluke,monica.rpwuc@jakataruna.com,kontol123
Carroll,Okuneva,karina.fkrig@jakataruna.com,kontol123
Billie,Watsica,astrid.jamyh@jakataruna.com,kontol123
Louvenia,Mosciski,evangeline.supyp@jakataruna.com,kontol123
Chelsey,Botsford,rosa.dobxj@jakataruna.com,kontol123
Karen,Kris,patricia.lcffw@jakataruna.com,kontol123
Letha,Torp,quinn.qtjux@jakataruna.com,kontol123
Nils,O'Hara,aliyah.vmzmp@jakataruna.com,kontol123
Johnson,Conroy,lisette.wxmhe@jakataruna.com,kontol123
Ophelia,Morar,calista.qxoms@jakataruna.com,kontol123
Buddy,Lindgren,sylvia.rifmi@jakataruna.com,kontol123
Uriel,Stehr,federico.thnuu@jakataruna.com,kontol123
Carter,Kub,luigi.osjkn@jakataruna.com,kontol123
Nathanial,Zieme,jeanne.txlkm@jakataruna.com,kontol123
Lorna,Keebler,charity.yglpk@jakataruna.com,kontol123
Cecil,Windler,concepcion.llnqy@jakataruna.com,kontol123
Darien,Senger,marty.ftxjl@jakataruna.com,kontol123
Grover,Waelchi,marcelina.zupfd@jakataruna.com,kontol123
Misael,Crist,otha.imtua@jakataruna.com,kontol123
Jesus,Williamson,baron.fetbn@jakataruna.com,kontol123
Darby,Romaguera,karson.yqbbb@jakataruna.com,kontol123
Delbert,Kulas,pamela.tbwlb@jakataruna.com,kontol123
Zion,Blick,terrell.jzioi@jakataruna.com,kontol123
Loyce,Beatty,ara.yrhzm@jakataruna.com,kontol123
Izabella,Kozey,bridie.zmzwk@jakataruna.com,kontol123
Zora,Miller,lavon.ayzuk@jakataruna.com,kontol123
Justice,Kuphal,jarret.fdbyv@jakataruna.com,kontol123
Matilda,Heathcote,mekhi.jadvz@jakataruna.com,kontol123
Maggie,Witting,tad.ntasm@jakataruna.com,kontol123
Jody,Bradtke,cheyanne.bwrth@jakataruna.com,kontol123
Daisha,Schmeler,maximillia.devyw@jakataruna.com,kontol123
Charlotte,Stark,joaquin.yartf@jakataruna.com,kontol123
Rachael,Renner,luna.fmqsm@jakataruna.com,kontol123
Grayce,White,burley.ylcry@jakataruna.com,kontol123
Rodolfo,Swaniawski,magdalena.xbzcs@jakataruna.com,kontol123
Kamron,Schamberger,bulah.zjrkz@jakataruna.com,kontol123
Wendell,Greenholt,dashawn.ohiaw@jakataruna.com,kontol123
Kevon,Carroll,jacky.kvsod@jakataruna.com,kontol123
Tanya,Bauch,lurline.bfbpn@jakataruna.com,kontol123
Carolanne,Schulist,maiya.hsber@jakataruna.com,kontol123
Juwan,Christiansen,loy.ogbcx@jakataruna.com,kontol123
Elwin,Bode,alexanne.wkoyd@jakataruna.com,kontol123
Kiara,Champlin,narciso.gkrty@jakataruna.com,kontol123
Boris,Wisozk,reggie.ztpxy@jakataruna.com,kontol123
Roderick,O'Keefe,devon.ezyyv@jakataruna.com,kontol123
Edwin,Williamson,shanel.stikg@jakataruna.com,kontol123
Gregorio,Kreiger,bertha.rhjfy@jakataruna.com,kontol123
Kareem,Lehner,darrell.ivrzo@jakataruna.com,kontol123
Deshawn,Hamill,annalise.tlfcd@jakataruna.com,kontol123
Everardo,Boyer,myah.xrqck@jakataruna.com,kontol123
Danika,Zemlak,brandyn.ugyvp@jakataruna.com,kontol123
Lia,Zboncak,tyree.oabeg@jakataruna.com,kontol123
Jameson,Greenfelder,malika.zydrr@jakataruna.com,kontol123
Minerva,Leuschke,chad.tkyup@jakataruna.com,kontol123
Max,Lehner,darien.qcohm@jakataruna.com,kontol123
Coty,Howe,damien.wvqgj@jakataruna.com,kontol123
Eric,Barrows,lilly.ooxlb@jakataruna.com,kontol123
Leatha,Hamill,declan.ccrgz@jakataruna.com,kontol123
Arturo,Beahan,francesco.wnwzh@jakataruna.com,kontol123
Amir,Turner,kendrick.zcjla@jakataruna.com,kontol123
Dion,Witting,federico.rfdno@jakataruna.com,kontol123
Lolita,Wolf,adonis.ejtss@jakataruna.com,kontol123
Jennifer,Romaguera,maurine.jbpyi@jakataruna.com,kontol123
Golda,Medhurst,christy.jynjq@jakataruna.com,kontol123
Aisha,Shanahan,damien.kicbk@jakataruna.com,kontol123
Marco,Cremin,wanda.qyrpi@jakataruna.com,kontol123
Julio,Heaney,kendrick.dmmou@jakataruna.com,kontol123
Nikita,Lang,haven.vagqd@jakataruna.com,kontol123
Clare,Stokes,kirstin.rpvpu@jakataruna.com,kontol123
Neha,Muller,vesta.plwlj@jakataruna.com,kontol123
Alphonso,Monahan,josue.aflzc@jakataruna.com,kontol123
Ryley,Gleason,ruby.qxtnw@jakataruna.com,kontol123
Darren,Hermann,holly.opsvl@jakataruna.com,kontol123
